"LineNumber","Line"
"1",""""""""
"6",""""""""
"465","    """"""Base configuration for all Pydantic models in the application."
"497","    """""""
"577","        """"""Define custom JSON encoders for specific types."""""""
"593","        """"""Define custom JSON decoders for specific types."""""""
"604","        """"""Get custom validators for the model."""""""
"610","        """"""Get custom field validators for the model."""""""
"616","        """"""Get custom serializers for the model."""""""
"622","        """"""Get custom deserializers for the model."""""""
"628","        """"""Get JSON schema extra information for a field."""""""
"634","        """"""Get configuration for a model field."""""""
"640","        """"""Get the alias for a model field."""""""
"646","        """"""Get the description for a model field."""""""
"652","        """"""Get an example value for a model field."""""""
"658","        """"""Get the default value for a model field."""""""
"664","        """"""Get the default factory for a model field."""""""
"670","        """"""Get a validator for a model field."""""""
"676","        """"""Get a serializer for a model field."""""""
"682","        """"""Get a deserializer for a model field."""""""
"688","    """"""Possible statuses for a workflow."
"721","    """""""
"735","        """"""Check if a status is terminal (no further transitions possible)."
"750","        """""""
"762","        """"""Check if a status indicates the workflow is currently active."
"777","        """""""
"792","        """"""Check if a status transition is valid."
"806","        """""""
"835","        """"""Get a human-readable display name for a status."
"846","        """""""
"857","        """"""Get the category of a status (success, warning, error, info)."
"868","        """""""
"885","    """"""Health status of a service."
"921","    """""""
"931","        """"""Check if a health status indicates the service is healthy."
"946","        """""""
"957","        """"""Check if a health status indicates the service is unhealthy."
"972","        """""""
"988","        """"""Determine service health from an HTTP status code."
"1003","        """""""
"1016","        """"""Convert a boolean to a health status."
"1027","        """""""
"1032","        """"""Get a human-readable display name for a health status."
"1043","        """""""
"1054","        """"""Get the category of a health status (success, warning, error, info)."
"1065","        """""""
"1082","    """"""Definition of a service in a workflow."
"1123","    """""""
"1243","        """"""Validate the service name."""""""
"1258","        """"""Validate port mappings."""""""
"1269","        """"""Validate the service definition."""""""
"1289","        """"""Get the image name without tag or digest."""""""
"1293","        """"""Get the image tag, or 'latest' if not specified."""""""
"1300","        """"""Get the image digest if specified."""""""
"1304","        """"""Get environment variables as a dictionary."""""""
"1308","        """"""Get resource limits as a dictionary."""""""
"1312","        """"""Get resource requests as a dictionary."""""""
"1316","        """"""Check if the service is healthy based on health status."""""""
"1322","        """"""Convert the service definition to a dictionary."
"1336","        """""""
"1341","        """"""Create a ServiceDefinition from a dictionary, JSON string, or bytes."
"1362","        """""""
"1372","        """"""Serialize the service definition to a JSON string."
"1385","        """""""
"1390","        """"""Create a ServiceDefinition from a JSON string or bytes."
"1401","        """""""
"1405","        """"""Create a copy of the service definition with optional updates."
"1418","        """""""
"1422","        """"""Dump the model with additional metadata."
"1426","        """""""
"1436","        """"""Return a string representation of the service."""""""
"1441","    """"""Base class for all workflow-related API requests."
"1463","    """""""
"1484","        """"""Validate and convert request_id to UUID if it's a string."""""""
"1494","    """"""Request model for creating a new workflow."
"1526","    """""""
"1554","        """"""Validate workflow name."""""""
"1562","        """"""Validate service definitions."""""""
"1571","        """"""Convert timeout string to seconds."""""""
"1589","    """"""Base response model for workflow operations."
"1598","    """""""
"1611","        """"""Ensure updated_at is not before created_at."""""""
"1618","    """"""Request model for listing workflows with filtering and pagination."
"1629","    """""""
"1658","        """"""Normalize and validate tags."""""""
"1664","        """"""Validate sort_by field."""""""
"1672","    """"""Response model for listing workflows."
"1679","    """""""
"1690","        """"""Validate pagination parameters."""""""
"1699","    """"""Standard error response model for API errors."
"1707","    """""""
"1733","        """"""Create an ErrorResponse from an exception."""""""
"1744","    """"""Health status of a service."""""""
"1754","        """"""Check if a health status is considered healthy."""""""
"1759","        """"""Check if a health status is considered unhealthy."""""""
"1764","    """"""Definition of a service in a workflow."
"1768","    """""""
"1891","        """"""Validate service name."""""""
"1901","        """"""Validate port mappings."""""""
"1917","        """"""Validate service dependencies."""""""
"1934","        """"""Validate memory limit format."""""""
"1956","    """"""Definition of a workflow."
"1961","    """""""
"2114","        """"""Validate workflow name."""""""
"2124","        """"""Validate services configuration."""""""
"2149","        """"""Validate networks configuration."""""""
"2160","        """"""Validate volumes configuration."""""""
"2170","        """"""Get all services that the specified service depends on."""""""
"2176","        """"""Get all services that depend on the specified service."""""""
"2187","        """"""Get the order in which services should be started."
"2193","        """""""
"2228","    """"""Runtime state of a workflow."
"2232","    """""""
"2364","        """"""Validate workflow ID."""""""
"2372","        """"""Validate workflow status."""""""
"2378","        """"""Validate services state."""""""
"2388","        """"""Check if the workflow is currently running."""""""
"2392","        """"""Check if the workflow has completed successfully."""""""
"2396","        """"""Check if the workflow has failed."""""""
"2400","        """"""Check if the workflow was cancelled."""""""
"2404","        """"""Get the duration of the workflow in seconds."
"2408","        """""""
"2416","        """"""Get the status of a specific service."
"2423","        """""""
"2432","        """"""Update the status of a service."
"2438","        """""""
"2452","    """"""Request model for creating a workflow."
"2456","    """""""
"2561","        """"""Validate parameters."""""""
"2571","        """"""Validate tags."""""""
"2581","    """"""Response model for creating a workflow."
"2585","    """""""
"2675","        """"""Add a HATEOAS-style link to the response."
"2681","        """""""
"2689","        """"""Get a link by its relationship type."
"2696","        """""""
"2700","    """"""Request model for starting a workflow."""""""
"2726","    """"""Response model for starting a workflow."""""""
"2740","    """""""
"2874","        """"""Add a HATEOAS-style link to the response."
"2880","        """""""
"2888","        """"""Get a link by its relationship type."
"2895","        """""""
"2900","    """"""Request model for stopping a workflow execution."
"2904","    """""""
"2974","        """"""Validate workflow ID."""""""
"2982","        """"""Validate reason for stopping."""""""
"2991","    """"""Response model for stopping a workflow execution."
"2995","    """""""
"3110","        """"""Add a HATEOAS-style link to the response."
"3116","        """""""
"3124","        """"""Get a link by its relationship type."
"3131","        """""""
"3135","    """"""Request model for listing workflows."""""""
"3170","    """"""Summary of a workflow for listing."""""""
"3194","    """"""Response model for listing workflows."""""""
